Organization,Followed On
Ministry of Defense Qatar Armed Forces,Sat Dec 14 08:57:55 UTC 2024
Office of the Director of National Intelligence,Mon Dec 09 19:10:08 UTC 2024
OpenAI,Sat Dec 07 00:48:31 UTC 2024
National Republican Senatorial Committee (NRSC),Thu Dec 05 01:03:22 UTC 2024
National Security Agency,Mon Dec 02 18:50:36 UTC 2024
UK Ministry of Defence,Thu Nov 28 02:43:34 UTC 2024
Suojelupoliisi | Skyddspolisen | Finnish Security and Intelligence Service,Sun Dec 01 16:23:38 UTC 2024
The Joint Staff,Mon Oct 14 20:15:19 UTC 2024
Ministry of Defense of the Russian Federation,Mon Nov 25 19:40:33 UTC 2024
Sputnik News,Sat Jul 13 18:18:43 UTC 2024
Neuralink,Wed Dec 11 13:13:02 UTC 2024
"Prime Minister's Office, Republic of Iraq",Sat Dec 07 16:21:49 UTC 2024
Puolustusvoimat - FÃ¶rsvarsmakten - Finnish Defence Forces,Sat Dec 14 12:52:28 UTC 2024
United States Department of Defense,Tue Dec 10 01:19:08 UTC 2024
Ministerie van Defensie,Thu Nov 28 02:45:48 UTC 2024
Sarhang Industries AB,Mon Dec 02 10:48:47 UTC 2024
Sarhang Foundation (SF),Fri Nov 15 15:32:20 UTC 2024
SpaceX,Thu Dec 12 04:44:24 UTC 2024
Defense Advanced Research Projects Agency (DARPA),Mon Dec 09 19:09:42 UTC 2024