Event Name,Event Time,Status,External Url
Ungas roll och röst i den globala klimatdebatten,"Sep 23, 2022 12:00 PM - Sep 23, 2022 12:20 PM",APPROVED,
Software-Driven Sustainability: Innovations in Climate Tech,"Apr 11, 2024 08:00 AM - Apr 11, 2024 09:00 AM",APPROVED,meet.google.com/rqs-chdo-pkj
Resilience in Ukraine – how Sweden supports democracy and decentralization,"Jun 29, 2023 08:00 AM - Jun 29, 2023 08:45 AM",RELINQUISHED,
KTH Innovation Award Ceremony,"Jul 01, 2021 10:00 AM - Jul 01, 2021 10:45 AM",RELINQUISHED,https://www.kth.se/form/60bf1c46d28ceb00143d09f4
Hur stärker vi närmandet mellan handel och bistånd?,"Jun 28, 2023 11:00 AM - Jun 28, 2023 11:45 AM",APPROVED,
Special Operations in an Era of Escalating Great Power Competition,"Sep 20, 2022 01:15 PM - Sep 20, 2022 03:00 PM",APPROVED,https://www.kvbk.nl/special-operations-era-escalating-great-power-competition
Real Estate Investment and Asset Management,"May 13, 2023 03:00 PM - May 13, 2023 04:00 PM",APPROVED,
Private Investment Funds Governance Handbook Launch,"May 04, 2023 12:00 PM - May 04, 2023 01:00 PM",APPROVED,https://us06web.zoom.us/webinar/register/WN_OUh89L5sSvq-_Du6WMomlw
Building the most advanced brain-controlled neuroprosthetics,"May 18, 2023 04:00 PM - May 18, 2023 05:00 PM",APPROVED,https://register.gotowebinar.com/register/1196575845162938456?source=LinkedIn
