Question,Answer
Are you legally authorized to work in CA?,Yes
How many years of work experience do you have with Product Management?,4
How many years of work experience do you have with Communication?,10
Cover letter,
How many years of work experience do you have with Business Growth?,8
Do you speak German?,Yes
How many years of work experience do you have with E-Commerce?,5
Are you legally authorized to work in CH?,Yes
How many years of work experience do you have with Search Engine Optimization (SEO)?,5
How many years of work experience do you have with SAP Products?,0
How many years of work experience do you have with Google Analytics?,7
How many years of work experience do you have with SQL?,0
Description,
How many years of work experience do you have with SQL?,2
How many years of CUST experience do you currently have?,6
Major / Field of study,
How many years of work experience do you have with Business Process?,4
How many years of work experience do you have with Business Relationship Management?,5
How many years of work experience do you have with Content Management Systems (CMS)?,6
How many years of work experience do you have with Energy?,1
Are you legally authorized to work in gb?,Yes
How many years of work experience do you have with Strategic Planning?,7
How many years of work experience do you have with Media Planning?,6
How many years of work experience do you have with IT Leadership?,6
How many years of work experience do you have with Defense?,5
Are you legally authorized to work in DK?,Yes
How many years of work experience do you have with Courts?,6
How many years of work experience do you have with High-volume Recruiting?,7
Are you comfortable working in a hybrid setting?,Yes
How many years of work experience do you have with Media Strategy?,8
How many years of work experience do you have with Trusts?,14
How many years of work experience do you have with Recruiting?,7
Company,
Last name,
How many years of work experience do you have with Broadcast Journalism?,3
Please submit a resume or LinkedIn profile, -869188122.pdf
How many years of work experience do you have with Twitter?,10
How many years of work experience do you have with Google Ads Editor?,5
How many years of work experience do you have with Broadcasting?,3
How many years of urn:li:industry:143 experience do you currently have?,2
How many years of work experience do you have with Salesforce.com?,0
How many years of urn:li:industry:53 experience do you currently have?,3
How many years of work experience do you have with Contract Management?,3
Your title,
How many years of work experience do you have with Journalists?,12
Are you legally authorized to work in AU?,Yes
What is your level of proficiency in ita?,None
How many years of work experience do you have with Legal Advice?,0
How many years of work experience do you have with Pricing Analysis?,1
How many years of urn:li:industry:57 experience do you currently have?,0
How many years of work experience do you have with Advertising?,13
How many years of work experience do you have with Infor Enterprise Resource Planning (ERP)?,2
How many years of work experience do you have with HubSpot?,2
How many years of work experience do you have with Marketing Agencies?,7
How many years of work experience do you have with Customer Service?,10
How many years of work experience do you have with Microsoft Word?,15
How many years of work experience do you have with Content Creation?,15
How many years of work experience do you have with Policies & Procedures?,12
How many years of work experience do you have with Laptops?,18
How many years of work experience do you have with Business Journalism?,7
How many years of work experience do you have with Business Consulting?,5
State / Province,
How many years of work experience do you have with Event Management?,2
How many years of CNSL experience do you currently have?,7
First name,
How many years of work experience do you have with SharePoint?,7
How many years of work experience do you have with Fundraising?,4
How many years of work experience do you have with Corporate Sustainability?,5
How many years of work experience do you have with Reporting?,7
How many years of work experience do you have with Podcasting?,2
How many years of work experience do you have with Slack?,0
Are you legally authorized to work in DE?,Yes
How many years of work experience do you have with Fitness?,14
How many years of PRJM experience do you currently have?,7
Gender,Male
How many years of work experience do you have with Administrative Assistance?,4
How many years of work experience do you have with Problem Solving?,10
How many years of work experience do you have with Google Sheets?,7
How many years of work experience do you have with WordPress?,12
How many years of work experience do you have with Editorial?,9
How many years of work experience do you have with Newspapers?,5
How many years of work experience do you have with Mergers & Acquisitions (M&A)?,2
How many years of work experience do you have with Client Analysis?,3
How many years of work experience do you have with Long-form?,3
How many years of work experience do you have with Microsoft Office?,10
How many years of work experience do you have with Human Resources (HR)?,7
How many years of work experience do you have with Executive Search?,2
How many years of work experience do you have with Norwegian?,4
How many years of ACCT experience do you currently have?,5
"Are you willing to undergo a background check, in accordance with local law/regulations?",Yes
How many years of work experience do you have with Hiring?,5
How many years of work experience do you have with Communications Planning?,5
How many years of work experience do you have with Educational Technology?,5
How many years of work experience do you have with Adobe Acrobat?,7
How many years of work experience do you have with Organizational Culture?,3
How many years of work experience do you have with Executive Reports?,10
How many years of urn:li:industry:36 experience do you currently have?,10
How many years of urn:li:industry:4 experience do you currently have?,1
