Date/Time,Media Description,Media Link
"You uploaded a video on November 12, 2024 at 2:56 AM (GMT)", -,https://dms.licdn.com/playlist/vid/dynamic/D4D05AQG3WcPpXU4VxA/BAQ1qTionA?e=1734987600&v=beta&t=0Ub0PaXNbW9ny69Bz3Z-R7gmR4JIOnXknoBq2ESfHk4
"You uploaded a video on November 12, 2024 at 2:15 AM (GMT)", -,https://dms.licdn.com/playlist/vid/dynamic/D4D05AQF2LnPJ3TAUjQ/BAQDH5yucs?e=1734987600&v=beta&t=QUNuEFozgZbWTGH-tXFAQD7859GZJ--S-ez-dhPR51A
"You uploaded a video on November 11, 2024 at 10:43 AM (GMT)", -,https://dms.licdn.com/playlist/vid/dynamic/D4D05AQGSAqTH3ZLxow/BAQk9yvHeEa?e=1734987600&v=beta&t=9Qqhxr3WF3pUgOG5GpV9Kmiqli5oJG37jaQNeDh4Ogs
"You uploaded a video on November 4, 2024 at 9:04 AM (GMT)", -,https://dms.licdn.com/playlist/vid/dynamic/D4D05AQETHur1PPPMmg/BAQhsrgVciB?e=1734987600&v=beta&t=F0TRCHM90oX8V7vOAmYCARVwk5pbdcftGjHXxvc3TmQ
"You uploaded a video on October 20, 2024 at 1:18 AM (GMT)", -,https://dms.licdn.com/playlist/vid/dynamic/D4D05AQHosePOxbF4Sw/BAQdUNQAeg?e=1734987600&v=beta&t=spuZFMyyxZlm8LHsxJ9oFI6oCW7UdCgw-pDEDZBNhaI
"You uploaded a video on September 18, 2024 at 6:20 PM (GMT)", -,https://dms.licdn.com/playlist/vid/dynamic/D4D05AQHmRIq_DJ9PUw/BAQzLU0JXo?e=1734987600&v=beta&t=tYHTMhG4gtimkTFQRPbCdCgjYmfKHirRITkhGRVUpi0
"You uploaded a video on September 2, 2024 at 7:09 PM (GMT)", -,https://dms.licdn.com/playlist/vid/dynamic/D4D05AQGFiq-TDbEGFA/BAQB395so4d?e=1734987600&v=beta&t=m2Wf_-5kALQTzPnOAKs-f6Ml_8jdyybDejHCDX801U8
"You uploaded a video on August 30, 2024 at 7:03 PM (GMT)", -,https://dms.licdn.com/playlist/vid/dynamic/D4D05AQHmXJMFlkH-DQ/BAgk7j3oykfXAF84A?e=1734987600&v=beta&t=YewleHdIKGFVtzEKiG-MpBjz_mrwV-Cv2G6IOsmCYio
"You uploaded a video on August 27, 2024 at 11:53 PM (GMT)", -,https://dms.licdn.com/playlist/vid/dynamic/D4D05AQHbPSNk-kgZBA/BAgveLLsRKoini_EA?e=1734987600&v=beta&t=ege4g15YRut0wpIMlQ8foR7cTLth5V2-hei1VjGqE2I
"You uploaded a video on August 27, 2024 at 10:10 PM (GMT)", -,https://dms.licdn.com/playlist/vid/dynamic/D4E05AQGv9iFpDfeMsA/BAQ7YdPPwc?e=1734987600&v=beta&t=05dEe_QaEURA8YBRBhD2J9u1YrtCSJEpJUtds-FOKOM
"You uploaded a video on August 27, 2024 at 4:44 PM (GMT)", -,https://dms.licdn.com/playlist/vid/dynamic/D4D05AQHRGi1ABFi_mw/BAg4mAuReBr9HOzhw?e=1734987600&v=beta&t=8ZMI0nI0BP9fc7zwXaTvnFdroU_Gi2Xyoe_Lct-mC-A
"You uploaded a video on August 11, 2024 at 10:50 PM (GMT)", -,https://dms.licdn.com/playlist/vid/dynamic/D4D05AQFL5yPfNaVwvQ/BAQzkI63K8?e=1734987600&v=beta&t=Rgo7A7-AhhglbkEEzigkeL0tzqVYXj-KpZ4xkIDqrWU
"You uploaded a video on August 8, 2024 at 7:23 PM (GMT)", -,https://dms.licdn.com/playlist/vid/dynamic/D4D05AQH_Z8jxXKI2sA/BAQIb3gtDg?e=1734987600&v=beta&t=6j2X66OYlsRIFrFdtoG4qKvU21h502W4pysimBw9kEM
"You uploaded a video on November 18, 2023 at 9:39 PM (GMT)", -,https://dms.licdn.com/playlist/vid/dynamic/D4E05AQEh46uLksWPZQ/BAQRaq5ry0?e=1734987600&v=beta&t=4SiSGcTwusfg5mugSzRh1_jprGWtRkx7EtlZkM0BFM0
"You uploaded a video on November 10, 2023 at 11:30 PM (GMT)", -,https://dms.licdn.com/playlist/vid/dynamic/D4E05AQFmleTZHyNpiA/BAQB8YXv88?e=1734987600&v=beta&t=IxSTObjk_V0WcsFbg-1K7JloTQF9yqlBq7e_A0I1zIg
"You uploaded a video on August 16, 2023 at 10:00 PM (GMT)", -,https://dms.licdn.com/playlist/vid/dynamic/D5605AQF74JIDIVpRkA/BAQSZflCY4?e=1734987600&v=beta&t=-YIAY9TFRUYBdFESSrKCGtHrNW4yHkLkOAu241HzjSM
"You uploaded a video on August 3, 2023 at 10:40 PM (GMT)", -,https://dms.licdn.com/playlist/vid/dynamic/D5605AQEelMncFx4WYg/BAQMZxx0so?e=1734987600&v=beta&t=9PI_KuUBlJBecsjFVC1dA78Jeub_l67rAJpNNruZJVA
"You uploaded a document on May 23, 2023 at 3:44 PM (GMT)", -,https://media.licdn.com/dms/image/v2/D4E2DAQG-Ec52SzdtgQ/profile-treasury-document-cover-images_1920/profile-treasury-document-cover-images_1920/0/1684856692962?e=2147483647&v=beta&t=Iba18uUFgp-MjmANddo0qLvx8DsMpKKEuhJepHr_-QQ
"You uploaded a document on April 28, 2023 at 5:15 PM (GMT)", -,https://media.licdn.com/dms/document/media/v2/D4E2DAQFUfzkhhR0DbQ/profile-treasury-document-pdf-analyzed/profile-treasury-document-pdf-analyzed/0/1682702155977?e=2147483647&v=beta&t=Zw8sXBnf5UMDyBHnkxx3TQtyDlrqQoNcvq_NPnpHpXs
"You uploaded a video on April 16, 2023 at 8:36 PM (GMT)", -,https://dms.licdn.com/playlist/vid/dynamic/D4E05AQHXgPlr8jFF9g/BAQigkh7o4?e=1734987600&v=beta&t=tZMb-0FNPtZvF-_lJmffzkaphgsyuWKHr_nR4gogU4s
"You uploaded a document on June 27, 2022 at 3:08 PM (GMT)", -,https://media.licdn.com/dms/image/v2/C4E2DAQEZsvUPuoQY3g/profile-treasury-document-cover-images_1920/profile-treasury-document-cover-images_1920/0/1656342486009?e=2147483647&v=beta&t=cjEw24yPWbF9flPZpTP0hFecrt83OOt7rHANYswPL58
"You uploaded a document on June 26, 2022 at 4:11 PM (GMT)", -,https://media.licdn.com/dms/image/v2/C4E2DAQEGyYxBegUvTw/profile-treasury-document-cover-images_1920/profile-treasury-document-cover-images_1920/0/1656259892480?e=2147483647&v=beta&t=hx7mcWGEPhg0W3I9TtzL0svfwmxv-lS0H9RtmjtgvhE
"You uploaded a group logo on June 8, 2022 at 1:36 PM (GMT)", -,https://media.licdn.com/dms/image/v2/D5607AQFqdIFOcvYKuQ/group-logo_image-shrink_400x400/group-logo_image-shrink_400x400/0/1654695389900?e=2147483647&v=beta&t=LN23QvyPEZdbZhg5bMPHgkK_GxdSQE0zE0o7UcZeccA
"You uploaded a group background photo on June 8, 2022 at 1:36 PM (GMT)", -,https://media.licdn.com/dms/image/v2/D5607AQG7ZYkl8fZQgw/group-heroimage-2560_640/group-heroimage-2560_640/0/1654695396468?e=2147483647&v=beta&t=RgtzZLhrLkiU2bUUukb11HG1FPHRjiato4Fs7r46cA8
"You uploaded a profile photo on April 10, 2022 at 12:24 PM (GMT)", -,https://media.licdn.com/dms/image/v2/C4E03AQEWoYybC4XrFQ/profile-displayphoto-shrink_100_100/profile-displayphoto-shrink_100_100/0/1649593469049?e=2147483647&v=beta&t=twEaAiGIFIG9tydy0vEHTPC2QXESdB4bQ4SUf_tfpcg
"You uploaded a document on March 20, 2022 at 1:55 PM (GMT)", -,https://media.licdn.com/dms/document/media/v2/C4E2DAQE5naA3Ca8MYA/profile-treasury-document-pdf-analyzed/profile-treasury-document-pdf-analyzed/0/1647784517910?e=2147483647&v=beta&t=FDMNYBE-6-joXF2OdSYyPhkUq5Wes5a3Ktx9UsWc2Ss
"You uploaded a document on March 16, 2022 at 9:10 PM (GMT)", -,https://media.licdn.com/dms/document/media/v2/C4E2DAQF_S7RNykprfA/profile-treasury-document-pdf-analyzed/profile-treasury-document-pdf-analyzed/0/1647465016515?e=2147483647&v=beta&t=eQimaCYPqz9t97_EFkJRX09BL0Q9J7uNbhzGn3spgfw
"You uploaded a document on November 14, 2021 at 10:05 PM (GMT)", -,https://media.licdn.com/dms/document/media/v2/C4E2DAQFWZKF151W9HA/profile-treasury-document-pdf-analyzed/profile-treasury-document-pdf-analyzed/0/1636927509192?e=2147483647&v=beta&t=fwD_wuPWUBAINA6jTyiLmypDMP9WJ8AifgtVN6nWBFY
"You uploaded a document on October 30, 2021 at 10:25 PM (GMT)", -,https://media.licdn.com/dms/document/media/v2/C4E2DAQFReSZC5qJJ2w/profile-treasury-document-pdf-analyzed/profile-treasury-document-pdf-analyzed/0/1635632723359?e=2147483647&v=beta&t=gV3C80EHKIORqkJcfcCP5zUnOgsy-0Z_g-0wSq4_0Zw
