Saved Date,Job Url,Job Title,Company Name
"6/11/21, 3:58 AM",http://www.linkedin.com/jobs/view/2590868083,Product Intelligence and Analytics Specialist - US Remote,Degreed
"12/10/24, 10:45 PM",http://www.linkedin.com/jobs/view/4096905558,White House Reporter,The Washington Post
"10/5/23, 8:09 AM",http://www.linkedin.com/jobs/view/3718622715,Investment Banking Intern - Amsterdam,Deutsche Bank
"12/13/24, 7:59 AM",http://www.linkedin.com/jobs/view/4096506651,National Counterintelligence Officer for Western Hemisphere and Counterproliferation.,Office of the Director of National Intelligence
"6/27/21, 7:19 AM",http://www.linkedin.com/jobs/view/2614205824,Strategist,Dentsu Creative Türkiye
"11/17/24, 7:24 PM",http://www.linkedin.com/jobs/view/4062811160,Intelligence Officer Doctrine et Innovation,Swiss Federal Administration
"11/17/21, 9:46 AM",http://www.linkedin.com/jobs/view/2798748310,Government Affairs Manager (Sweden),RideMovi
"10/5/23, 8:08 AM",http://www.linkedin.com/jobs/view/3727060787,Finance Intern,Schneider Electric
"4/23/23, 4:37 AM",http://www.linkedin.com/jobs/view/3570805226,Rådgivande Kapitalförvaltare,Swedbank
"12/14/24, 7:48 AM",http://www.linkedin.com/jobs/view/4076660126,Policy Advisor for Germany-China Energy and Climate Diplomacy (f/m/diverse),Germanwatch e.V.
"9/21/24, 9:39 AM",http://www.linkedin.com/jobs/view/4023602371,(Junior) Consultant Strategy & Digital Transformation | Automotive (m/w/d),BearingPoint
"12/12/24, 8:05 AM",http://www.linkedin.com/jobs/view/4092796343,Mission Manager for Iraq-Levant.,Office of the Director of National Intelligence
"12/6/21, 2:58 PM",http://www.linkedin.com/jobs/view/2794906775,Funding and Marketing Associate,Renè — Security and Counterintelligence
"11/24/24, 1:43 PM",http://www.linkedin.com/jobs/view/4069701545,Readiness Program Officer,Embassy of Canada | Ambassade du Canada
"8/31/23, 6:21 AM",http://www.linkedin.com/jobs/view/3706139011,Investment Intern to Nrep,Nrep
"12/14/24, 8:04 PM",http://www.linkedin.com/jobs/view/4091892245,National Intelligence Collection Officer for Counterproliferation and Biosecurity.,Office of the Director of National Intelligence
"11/29/24, 7:34 AM",http://www.linkedin.com/jobs/view/4074024424,Prompt Response Writer - Sweden,TELUS Digital
"2/3/24, 5:45 AM",http://www.linkedin.com/jobs/view/3664570288,,
"7/21/22, 12:33 PM",http://www.linkedin.com/jobs/view/3173940352,Summer Investment Banking Analyst,Agentis Capital
"6/11/21, 3:58 AM",http://www.linkedin.com/jobs/view/2581057853,"Resume Writer (native English speaker, 100% remote)",X-Team
"12/11/24, 11:07 AM",http://www.linkedin.com/jobs/view/4091152523,Medical Imaging Engineer,Neuralink
"10/4/23, 2:14 PM",http://www.linkedin.com/jobs/view/3728425617,Summer intern - Equity Research,Nordea
"9/12/23, 6:21 AM",http://www.linkedin.com/jobs/view/3714802699,Finance Intern,Mentimeter
"12/1/21, 12:04 PM",http://www.linkedin.com/jobs/view/2817960566,Reporter till SVT Nyheter i Borås,SVT
"9/28/23, 8:22 AM",http://www.linkedin.com/jobs/view/3729194327,Finance Summer Internship 2024,Procter & Gamble
"7/12/22, 1:48 PM",http://www.linkedin.com/jobs/view/3160626446,Försvarsråd – arbeta i en internationell och omväxlande miljö,Regeringskansliet
"10/5/23, 8:01 AM",http://www.linkedin.com/jobs/view/3710626008,,
"8/18/21, 10:44 AM",http://www.linkedin.com/jobs/view/2681732931,Journalist,Acolyte Group
"9/12/23, 5:05 AM",http://www.linkedin.com/jobs/view/3706766139,Internship Investment Banking,Carnegie Investment Bank
"11/16/24, 6:46 AM",http://www.linkedin.com/jobs/view/4053098839,Information Technology Project Manager,Nexer Group
"8/31/23, 6:21 AM",http://www.linkedin.com/jobs/view/3646284182,2024 Corporate & Investment Bank - Investment Banking Analyst Program - Off-Cycle Internship (May-August) - Stockholm,JPMorganChase
"4/29/24, 7:10 PM",http://www.linkedin.com/jobs/view/3837565266,Ekonomiassistent sökes till sommaren 2024,KFX HR-partner
"9/12/23, 4:59 AM",http://www.linkedin.com/jobs/view/3714538189,Handelsbanken Investment Banking Internship - Debt Advisory,Handelsbanken
"6/11/21, 4:08 AM",http://www.linkedin.com/jobs/view/2572678607,"Summer and Fall Policy & Research Internships — Paid, Remote",New England Board of Higher Education
"8/29/21, 5:25 AM",http://www.linkedin.com/jobs/view/2699422130,Cryptography Engineer : 0000FY4Q,HSBC
"11/5/21, 3:08 PM",http://www.linkedin.com/jobs/view/2783872267,Advisory Board Member,Renè — Security and Counterintelligence
"9/28/23, 8:22 AM",http://www.linkedin.com/jobs/view/3707370919,"2024 Investment Banking, Summer Analyst, Stockholm, Sweden",Citi
"7/1/22, 9:41 AM",http://www.linkedin.com/jobs/view/3134267104,"Erfaren handläggare - arbeta inom området forskning, utveckling och ny teknik",Regeringskansliet
"12/13/24, 1:47 PM",http://www.linkedin.com/jobs/view/4017007719,National Intelligence Reporter,The Washington Post
